id,name,url,score,description,input,output,cost,guide,category
1,InVID-WeVerify,https://www.invid-project.eu/tools-and-services/invid-verification-plugin/,1,"Verification plugin to help journalists verify images and videos. Contextual data, Metadata, reverse search (Google, Yandex, Baidu), image forensic, Magnifier). @WeVerify on Twitter.",image video,verification,free,https://www.bellingcat.com/resources/how-tos/2019/12/26/guide-to-using-reverse-image-search-for-investigations/,imagery
2,Google Lens / Desktop,https://lens.google.com/search?p=,1,Google Lens but in your browser - it's better than Google Image reverse search. h/t @Henkvaness,image,,free,,imagery
3,SunCalc.org,http://suncalc.org/,1,Make an approximation of the time of the day using shadow direction.,image video,location,free,https://www.bellingcat.com/resources/2020/12/03/using-the-sun-and-the-shadows-for-geolocation/,imagery
4,metadata2go,https://www.metadata2go.com/,1,Check metadata for both photos and videos online.,image video,metadata,free,,imagery
5,Reveal Image Verification Assistant,http://reveal-mklab.iti.gr/reveal/index.html,1,"Forensic providing eight filters to detect still images alterations. ""Web-based image tool.
Also available within InVID verification plugin.""",image,verification,free,,imagery
6,FotoForensics,http://fotoforensics.com/,0.5,Image forensics tool.,image,verification,free,,imagery
7,Forensically Image Forensics,http://29a.ch/photo-forensics/#level-sweep,0.5,"Web-based image forensics tool. Can easily identify fake or doctored images. Public access, information not private.",image,verification,free,,imagery
8,Irfanview,http://irfanview.com/,0.5,Windows-based software to extract metadata.,image,metadata,free,,imagery
9,SpiderPig,http://github.com/hatlord/Spiderpig,0.5,Github - Extract metadata. Command line interface and scriptable. Requires dependencies and knowledge of web technologies.,image,metadata,free,,imagery
10,Jimpl,https://jimpl.com/,0.5,Online EXIF data viewer,image,metadata,free,,imagery
11,Splunk,http://blog.sweepatic.com/metadata-hackers-best-friend,0.2,Extract metadata. Report grade analysis and presentation. Not simple to setup and deploy.,image,metadata,free,,imagery
12,VGG Face Finder (VFF) Engine,https://github.com/ox-vgg/vgg_face_search,0.5,Visual Geometry Group and released under the BSD-2 clause. VFF is a web application that serves as a web engine to perform searches for faces over an user-defined image dataset. It is based on the original application created by VGG to perform visual searchers over a large dataset of images from BBC News.,image,face,free,https://www.robots.ox.ac.uk/~vgg/software/vff/downloads/docker/using_your_own_images.pdf,imagery
13,PimEyes,https://pimeyes.com/en,0.4,"Face Search Engine & Reverse Image Search.
",image,webpage,partially_free,,imagery
14,https://search4faces.com/tt00/index.html,https://search4faces.com/tt00/index.html,0.5,Search a database of 84 million TikTok accounts,image,tiktok-account,free,,imagery
15,Amazon Rekognition,https://aws.amazon.com/getting-started/hands-on/detect-analyze-compare-faces-rekognition/,0.5,Check how similar two faces are,face,verification,free,,imagery
16,Facesaerch,http://facesaerch.com/,0.5,"Search Google images, but only faces. Not misspelled. ",name,face,free,,imagery
17,GFPGAN,https://replicate.com/tencentarc/gfpgan,0.5,Practical face restoration algorithm for *old photos* or *AI-generated faces*,image,image,free,,imagery
18,https://cleanup.pictures/,https://cleanup.pictures/,0.5,Web tool for quickly removing objects from an image.,image,image,free,,imagery
19,https://calculator.ipvm.com/,https://calculator.ipvm.com/,0.5,Tool for simulating camera views (for geolocations).,image,location,free,,imagery
20,RootAbout,http://rootabout.com/,0.5,Reverse search images on the Internet Archive,image,webpage,free,,imagery
21,KarmaDecay,http://karmadecay.com/,0.5,Reverse search images on Reddit,image,webpage,free,,imagery
22,AmIReal,https://seintpl.github.io/AmIReal/,0.5,Github - detects if faces were generated by ThisPersonDoesNotExist,image,verification,free,,imagery
23,fdupes,https://github.com/adrianlopezroche/fdupes,0.5,Github - Locating exact matches of duplicate files.,file,verification,free,,imagery
24,RenRot,https://github.com/andy-shev/RenRot,0.5,"Github - Attempts to rename image filenames to their original name, and rotate them to the original orientation.",image,image,free,,imagery
25,Phantombuster,https://phantombuster.com/phantombuster,0.4,No-code tool to easily scrape / automatically extract info from all kinds of social media (aimed at marketeers). Be aware you'll have to log-in and share data with a company.  ,username,webpage,partially_free,,social-media
26,Social-searcher,https://www.social-searcher.com/,0.4,Search hashtags and usernames across various platforms,username hashtag,webpage,partially_free,,social-media
27,Hashatit,https://www.hashatit.com/,0.5,"Free tool for simultaneous hashtag search on Twitter, Facebook, Instagram, Youtube, Reddit, Flickr and Vimeo, Tumblr. With filter",hashtag,webpage,free,,social-media
28,SMAT,https://www.smat-app.com/timeline?searchTerm=election&startDate=2020-09-27&endDate=2020-10-27&websites=twitter&aggRedditBy=author&numberOf=10&interval=day&limit=1000&changepoint=false,0.5,"Disinformation tracker. Works by pulling data from Gab, Parler, 4chan, 8kun, .win, poal, telegram, Gettr and Bitchute",hashtag,statistics,free,,social-media
29,ClubhouseDB,https://clubhousedb.com/,0.5,"Search users, number of followers/following, and date of registry",clubhouse-account,statistics,free,,social-media
30,Search4Faces,https://search4faces.com/ch00/index.html,0.5,Reverse-search a face in about 5m clubhouse avatars,face,clubhouse-account,free,,social-media
31,Disboard,https://disboard.org/servers,0.5,Search for public discord servers,topic,discord-server,free,,social-media
32,DiscordLeaks,https://discordleaks.unicornriot.ninja/discord/server/,0.5,"Search hundreds of thousands of messages leaked from 180+ white-supremacist / nazi discord servers, by UnicornRiot",text,discord-account,free,,social-media
33,Sowdust FB search,http://sowsearch.info/,0.5,"This page tries to be a simple interface to show how the current Facebook search function works, after Graph search was closed.",username name text date,facebook-account,free,,social-media
34,Who posted what?,http://whopostedwhat.com/,0.5,Find posts on Facebook.,text,facebook-account,free,,social-media
35,Facebook Live Map,http://facebook.com/livemap,0.5,Live broadcasts around the world.,,video,free,,social-media
36,Facebook Video Downloader,http://fdown.net/,1,Handy website to download public Facebook videos. Copy paste the URL of the video and download it in the available definition formats.,webpage,video,free,,social-media
37,Sleep Stats,https://github.com/sqren/fb-sleep-stats,0.5,GitHub - Track user sleeping habits,facebook-account,statistics,free,,social-media
38,Skopenow,http://skopenow.com/,0.2,"Social Media Investigations - name, phone, email, username searches.",name username email phone,name username email phone,paid,,social-media
39,HaveIBeenZuckered,https://haveibeenzuckered.com/,0.5,Check if a telephone number is present within the Facebook data breach.,phone,facebook-account,free,,social-media
40,SMAT-app / Gab,https://www.smat-app.com/search,0.5,"Search messages, count links, see activity & timeline",text date,account,free,,social-media
41,SMAT-app / Gettr,https://www.smat-app.com/search,0.5,"Search messages, count links, see activity & timeline",text date,account,free,,social-media
42,Google Account Finder (EPIEOS),https://tools.epieos.com/google-account.php,0.5,"Find the profile picture and public Google Map Reviews + Photos associated with a G-mail adress. Also checks for phone numbers, and checks for email addresses on social networks ",gmail-address,text image phone,free,,social-media
43,Email Checker,https://en.gravatar.com/site/check/,0.5,Check if an email address has been used to comment on blogs and whether there is a profile image attached. ,email,account,free,,social-media
44,InstaLoader,https://github.com/instaloader/instaloader,0.5,"GitHub - scrape information from public accounts. Does not use the official API, and allows downloading pictures and videos along with their captions and other metadata from Instagram. Similar to twint for Twitter.",instagram-account,image video metadata,free,,social-media
45,StorySaver,https://www.storysaver.net/,0.5,"Download public Instagram Stories, Highlights and Videos.",instagram-account,image video,free,,social-media
46,Bellingcat Insta Location Search,https://github.com/bellingcat/instagram-location-search,1,Github - Finds Instagram location IDs near a specified latitude and longitude,location,instagram-location,free,,social-media
47,LinkedIn Overlay Remover,http://addons.mozilla.org/nl/firefox/addon/linkedin-overlay-remover/,0.5,Removes the overlay that displays over a linkedin profile.,linkedin-account,,free,,social-media
48,Email to LinkedIn (Epieos),https://tools.epieos.com/linkedin.php,0.5,Check if an email address is connected to a LinkedIn Profile,email,linkedin-account,free,,social-media
49,NameMC,https://namemc.com/,0.5,"Find usernames, track username changes",username,minecraft-account,free,,social-media
50,Parler Video Uploads Map,https://kylemcdonald.net/parler/map/,0.5,A map showing the approximate (100ft) location of where Parler videos have been uploaded. ,location,parler-account video,free,,social-media
51,SMAT-app / Parler,https://www.smat-app.com/,0.5,"Search messages, count links, see activity & timeline",parler-account,text image,free,,social-media
52,PSNprofiles,https://psnprofiles.com/,0.5,"Search username, see daily activity, games played, country, and profile pic",username,parler-account,free,,social-media
53,F5Bot,https://f5bot.com/,0.5,Sends you an email when a keyword is mentioned on Reddit.,keyword,text,free,,social-media
54,Redective,https://www.redective.com/,0.5,Analyse Reddit profiles - incl word frequency and active hours,reddit-account,statistics,free,,social-media
55,Unddit,https://www.unddit.com/,0.5,Display removed (by mods) and deleted (by users) comments/posts for Reddit.,reddit-account,text,free,,social-media
56,KarmaDecay,http://karmadecay.com/,0.5,Reverse image search for Reddit,image,reddit-account,freet,,social-media
57,Skypli,https://www.skypli.com/,0.5,Search Skype users by name / username,name username,skype-account,free,,social-media
58,Snap Map,http://map.snapchat.com/,0.5,Searchable map of geotagged snaps.,location,snapchat-account,free,https://twitter.com/AricToler/status/1054805284802228224,social-media
59,SteamId.uk,http://steamid.uk/,0.4,"Lookup player names, view (more) previously used names, and when accounts befriended eachother (Free). View screenshots of account, (bulk) seach based on previously used names (paid).",username,steam-account statistics,partially_free,,social-media
60,Intelligence X: TG,https://intelx.io/tools?tab=telegram,0.5,Google-based search engine for Telegram (includes Telegago),hashtag keyword,telegram-account telegram-channel,free,,social-media
61,Telemetr.io,http://telemetr.io/,0.5,Telegram channel analytics,telegram-account,statistics,free,https://www.bellingcat.com/resources/how-tos/2022/03/08/how-to-archive-telegram-content-to-document-russias-invasion-of-ukraine/,social-media
62,Telegago,http://bit.ly/telegago,0.5,Google-based search engine for Telegram.,text hashtag keyword,telegram-account telegram-channel,free,,social-media
63,TelegramDB,http://telegramdb.org/,0.5,Database of Telegram channels,hashtag keyword,telegram-channel,free,,social-media
64,TGstat,http://tgstat.com/,1,Searches archived Telegram channels and provides channel analytics.,hashtag keyword,telegram-account telegram-channel,free,,social-media
65,tlgrm.eu/channels,http://tlgrm.eu/channels,0.5,Search Telegram channels.,hashtag keyword,telegram-account telegram-channel,free,,social-media
66,Geogramint,https://github.com/Alb-310/Geogramint,0.5,Github - Find Telegram groups and users near a geographical location,location,telegram-account telegram-channel,free,,social-media
67,Bellingcat Phonenumber Check,https://github.com/bellingcat/telegram-phone-number-checker,1,Github - check whether a specific phone number is connected to a Telegram account.,phone,telegram-account,free,,social-media
68,TikTokApi,https://pypi.org/project/TikTokApi/,0.5,Python - This is an unofficial api wrapper for TikTok.com in python. With this api you are able to call most trending and fetch specific user information as well as much more.,tiktok-account,,free,,social-media
69,Bellingcat TikTok # Analysis,https://github.com/bellingcat/tiktok-hashtag-analysis,1,Github - Bellingcat built - Helps to download posts and videos from TikTok for a given set of hashtags over a period of time. ,tiktok-account hashtag date,image video text,free,https://www.bellingcat.com/resources/how-tos/2022/05/11/this-new-tool-lets-you-analyse-tiktok-hashtags/,social-media
70,TikTok Downloader,https://chrome.google.com/webstore/detail/tiktok-downloader/blbckhiepgpniilpmlionnkjoeehhgao,0.5,"Extension - Download TikTok videos. Doesn't work for some videos, unclear why.",tiktok-account,video,free,https://www.bellingcat.com/resources/2020/05/25/investigate-tiktok-like-a-pro/,social-media
71,Search4Faces,https://search4faces.com/tt00/index.html,0.5,Search a databaes of 84 million TikTok accounts,face,tiktok-account,free,,social-media
72,Botometer,http://botometer.iuni.iu.edu/,0.5,Checks the activity of a Twitter account and gives it a score. Higher scores mean more bot-like activity.,twitter-account,statistics,free,,social-media
73,Hoaxy,https://hoaxy.iuni.iu.edu/,0.5,Visualize the spread of claims and factchecking.,twitter-account webpage,statistics,free,,social-media
74,InVID verification plugin,http://www.invid-project.eu/verify,0.5,InVID plugin provides a Twitter advanced search by time interval up to the minute. Allows documenting use cases from the past without APIs and time limit. Allows searching for content within a user-defined time range after a breaking news.,text hashtag keyword,verification,free,,social-media
75,Onemilliontweetmap,http://onemilliontweetmap.com/,0.5,"Tweets map per locations up to 6 hours old, keyword search option.",location keyword,twitter-account,free,,social-media
76,Social Bearing,https://socialbearing.com/,0.5,"Twitter analytics & search for tweets, timelines & twitter maps.
Find, filter and sort tweets or people by engagement, influence, location, sentiment and more'",twitter-post,statistics,free,,social-media
77,Treeverse,http://t.co/hGvska63Li,0.5,Extension - visualise Twitter conversations.,twitter-post,,free,,social-media
78,TwitterAudit,http://twitteraudit.com/,0.5,Check bots.,twitter-account,statistics,free,,social-media
79,Twitter List Copy,http://projects.noahliebman.net/listcopy/connect.php,0.5,Copy public Twitter lists into your own existing lists.,,,free,,social-media
80,Twitter Video Downloader,http://twittervideodownloader.com/,1,Download Twitter videos,twitter-post,video,free,,social-media
81,Twitter advanced search,http://twitter.com/search-advanced,1,"Search by date, keywords, etc.",twitter-account name date keyword hashtag location,twitter-post image video,free,,social-media
82,twint,http://github.com/twintproject/twint,0.5,"Github - Advanced Twitter scraping tool written in Python that doesn't use Twitter's API, allowing you to scrape a user's followers, following, Tweets and more while evading most API limitations.",twitter-account,statistics,free,,social-media
83,Twlets,http://twlets.com/,0.2,"Download anyone’s tweets, followers and likes in an Excel sheet. Easy and quick to use, there’s a Chrome extension too.",twitter-account,statistics,paid,,social-media
84,Twitter Follower Collector,https://phantombuster.com/automations/twitter/4130/twitter-follower-collector,0.5,Scrapes any account's Twitter followers ,twitter-account,statistics,free,,social-media
85,t,http://github.com/sferik/t,0.5,"command-line power tool for Twitter (it is an open source command line script written in Ruby). Highly flexible, can be put in Bash scripts to automate Twitter activity and searches. Deeper search through REST API. Output spreadsheets/CSV. Fast performance for bulk operations.",twitter-account,statistics,free,,social-media
86,Spoonbill,https://github.com/travisbrown/memory.lol,0.5,"Check for changes made to a Twitter account's status (i.e., bio, pinned tweets, location, etc.)",twitter-account,history,free,,social-media
87,Memory Lol,https://search4faces.com/vkok/index.html,0.5,Github - Provide historical information about social media accounts. Historical screen names for 443 million Twitter accounts.,twitter-account,history,free,,social-media
88,Search4Faces,https://search4faces.com/vkok/index.html,0.5,"Upload a facepic, find similar on VKontakte (also searches Odnoklassniki)",face,vk-account odnoklassniki-account,free,,social-media
89,FindClone,https://findclone.ru/,0.5,Searches images from VK profiles (within certain limits),face,vk-account,free,,social-media
90,Vk.watch,http://vk.watch/,0.5,"See public comments left by an account, profile photos used, and very basic facial recognition",vk-account,text keyword hashtag image,free,,social-media
91,Bellingcat VK Scraper,https://github.com/bellingcat/vk-url-scraper,1,"Github - scrape data, and especially media links like videos and photos, from vk.com URLs.",vk-account,text image video,free,,social-media
92,XboxGamertag,https://xboxgamertag.com/,0.5,"Search gamertags, see games played and recorded game clips",,statistics,free,,social-media
93,Amnesty YouTube Dataviewer,http://amnestyusa.org/sites/default/custom-scripts/citizenevidence,0.5,"Reverse image (video still) search and exact uploading time. Here’s an Advanced 
Guide on Verifying Video Content.",youtube-video,metadata statistics image,free,https://medium.com/raditube/uncovering-youtube-a-new-way-to-track-radical-communities-78b6c750a0a3,social-media
94,RadiTube,https://tool.raditube.com/,0.5,"A search engine that searches the subtitles of about 380 (right/left) radical YouTube channels. You query for example for ""q says"" of ""voter fraud"" in 170,000 videos, and the search results will link you to the specific time-code in the video.",,,free,currently down / being reworked,social-media
95,YouTube location-based search,http://youtube.github.io/geo-search-tool/search.html,0.5,"Location-based search on YouTube, but it's unclear whether it shows where it was uploaded, from which server, or only filters on keywords (e.g. “Paris” in title shows up in Paris).",location,youtube-video,free,,social-media
96,YouTube Geofind,http://mattw.io/youtube-geofind/location,0.5,"YouTube Geofind; three different search functions, location, topic, and channel.",location,youtube-video,free,,social-media
97,youtube-dl,http://rg3.github.io/youtube-dl/,0.5,"Python tool to download from a variety of sources. Select video / audio formats, quality etc. Updated frequently to support parsing the relevant sources (alternate link: youtube-dl.org)",youtube-video,video metadata,free,,social-media
98,YouTube Metadata,https://mattw.io/youtube-metadata/,0.5,"An alternative to Amnesty's YT viewer, with slightly more information.",youtube-video,metadata statistics image,free,,social-media
99,4plebs,https://4plebs.org/,0.5,Searchable archive of specific 4chan boards. Makes it possible to read threads after they are purged from 4chan. ,text hashtag keyword,text,free,,social-media
100,SMAT-app / 8kun,https://www.smat-app.com/,0.5,"Search messages, count links, see activity & timeline",hashtag keyword,text,free,,social-media
101,TrueCaller,https://www.truecaller.com/,1,App that gathers phonenumbers and names from contact lists. ,name username,phone,free,Do not give permission to your actual contact lists,people-searches
102,GetContact,https://www.getcontact.com/en/,1,Phonenumber ID app - draws from crowdsourced contactbooks,name username,phone,free,Do not give permission to your actual contact lists. 5 free number searches per day via @get_kontakt_bot on Telegram,people-searches
103,Have I Been Pwned?,https://haveibeenpwned.com/,1,Does email or phone appear in data breaches?,email phone,statistics,free,,people-searches
104,Epieos (Check Email Usage),https://tools.epieos.com/holehe.php,0.4,Checks where an email has been used. Based on Holehe.,email,statistics,partially_free,Registration required,people-searches
105,Whats My Name,https://whatsmyname.app/,1,Search username on 270+ platforms,username,account statistics webpage,free,,people-searches
106,Watools.io,http://watools.io/,0.4,"Tools for whatsapp: Check if number is used, download profile pic, check online status",phone,statistics image,partially_free,,people-searches
107,Skype,https://www.skype.com/,0.5,"You can search names, emails, and phonenumbers in Skype.",username name email phone,skype-account,free,,people-searches
108,Worldwide Osint Tools map,https://cipher387.github.io/osintmap/,0.5,"Global overview of yellow/white pages, court cases, business registries etc.",location,name court business,free,,people-searches
109,FastPeopleSearch,https://www.fastpeoplesearch.com/,0.5,Mostly good for US.,name location,phone statistics location dob,free,,people-searches
110,Search Systems,https://publicrecords.searchsystems.net/,0.5,"Finding public record information online in over 70,000 databases organized by type and location to help you find property, criminal, court, birth, death, marriage, divorce records, licenses, deeds, mortgages, corporate records, business registration, and many other public record resources.",name,property court business dob statistics,free,,people-searches
111,NigeriaPhonebook,https://nigeriaphonebook.com/,0.5,"Look up by name, state, and phone number. Last names are partially censored for free accounts.",name phone,name phone,free,,people-searches
112,Hitta,https://www.hitta.se/,0.5,Look up phone numbers/names (Sweden) ,name phone,name phone,free,,people-searches
113,Rasit ,https://www.ratsit.se/,0.5,Look up phone numbers/names (Sweden) ,name phone,name phone,free,,people-searches
114,Person Lookup,https://personlookup.co.za/,0.5,"find individuals, phonenumbers, and adresses",name phone,name phone address,free,,people-searches
115,192.com,http://www.192.com/,0.5,"Searching for someone's address in the UK, phone number and who they live with according to electoral rolls.",name phone address,name phone address,free,,people-searches
116,MenoM3ay,https://play.google.com/store/apps/details?id=com.okdme.menoma3ay&hl=en_CA&gl=US,0.5,Caller ID service (mobile app),phone,name,free,,people-searches
117,ThisNumber,https://sur.ly/o/numberway.com/AA000014,0.5,"An international directory of white pages and yellow pages phone books, and online directory enquiries. It's a free, independent and up-to-date guide to telephone directories on the web.",phone,name,free,,people-searches
118,Eniro,https://www.eniro.se/,0.5,Yellow Pages (Swedish Edition) ,name phone,name phone address,free,,people-searches
119,Email Reputation,https://emailrep.io/,0.5,"How trustworthy is an email, is it a throwaway etc.",email,statistics,free,,people-searches
120,Namecheck,http://namechk.com/,0.5,Username and domain check website. Easy to see on which platforms a single username has been used. Many mismatches.,username,webpage,free,,people-searches
121,Swedish Name Register,https://scb.se/hitta-statistik/sverige-i-siffror/namnsok/,0.5,Find out how common a name is in Sweden based on census data,name,statistics,free,,people-searches
122,Netherlands Name Register,https://www.meertens.knaw.nl/nvb/naam/is/Giancarlo,0.5,Find out how common a name is in the Netherlands based on census data,name,statistics,free,,people-searches
123,Check Usernames,https://checkusernames.com/,0.5,Check usernames on 160 social networks,username,account,free,Not very reliable,people-searches
124,The Law Pages,https://www.thelawpages.com/court-cases/court-case-search.php?mode=1,0.5,"Search criminal court case details in the UK, such as sentence, hearing, defendant, etc.",court,statistics,free,,people-searches
125,Pipl,http://pipl.com/,0.2,Identity information for professionals,name,statistics,paid,,people-searches
126,Spokeo,http://spokeo.com/,0.2,"People search through email, phone, name",name email phone,name email phone location,paid,,people-searches
127,Google Earth Pro,https://www.google.com/earth/download/gep/agree.html,1,"More functions than the web-based version. Make sure to check download additional layers, such as overlays for Bing Maps, Geonames, and Wikimapia.",,,free,https://www.bellingcat.com/resources/how-tos/2018/09/04/identify-burnt-villages-satellite-imagery%E2%80%8A-case-studies-california-nigeria-myanmar/,maps
128,Google Maps,http://maps.google.com/,1,"Google’s mapping service offering satellite imagery, street maps, and streetview. Many 3D modelled places in Americas, Australia, Europe, N Africa, and SE Asia. Probably the easiest-to-navigate mapping service of all. No historical satellite imagery, but historic Streetview images available in many places.",,,free,https://www.bellingcat.com/resources/how-tos/2020/04/15/how-not-to-report-on-russian-disinformation/,maps
129,Sentinel Hub Playground,http://apps.sentinel-hub.com/sentinel-playground,1,"A user-friendly place for Sentinel 2/Landsat images. Updated every 5-10 days with new imagery, dependent on cloud cover. Ability to explore a variety of GIS variables eg NDVI or NDWO. The EO Browser facilitates time-lapse reviews. Generally low resolution of 10m/px.",,,free,https://www.bellingcat.com/resources/how-tos/2018/11/19/using-time-lapse-satellite-imagery-detect-infrastructure-changes-case-studies-via-myanmar-nigeria-south-china-sea/,maps
130,Wikimapia,http://wikimapia.org/,1,"Crowdsourced information related to geographic locations. Possibility to switch between Google/Bing/OSM. Massive amount of UCG information. Can be laggy, and need to refresh page after a view searches. Lost Google API.",,,free,,maps
131,LiveUAMap,https://liveuamap.com/,1,"Timeline of news and zones of control in conflict / civil unrest areas, globally",,,free,,maps
132,Peakvisor,http://peakvisor.com/panorama.html?lat=45.9420159&lng=7.8699421&alt=4598&yaw=0.00&pitch=0.00&hfov=62.93,1,Mountain identification tool.,image,location,free,https://www.bellingcat.com/news/2021/04/01/mahbere-dego-clues-to-a-clifftop-massacre-in-ethiopia/,maps
133,Baidu Maps,http://map.baidu.com/,0.5,"Baidu’s mapping service offering satellite imagery, street maps, and streetview (“Panorama” - zh:百度全景).",,,free,,maps
134,Bing Maps,http://bing.com/maps,0.5,"Microsoft Bing’s mapping service offering satellite imagery and street maps. (Streetview only appears in some countries, use a VPN and go US if it's not there)",,,free,,maps
135,Hitta.se ,http://hitta.se/,0.5,Mapping service for Sweden,,,free,,maps
136,Tencent Maps,http://map.qq.com/,0.5,"Tencent Maps (formerly SOSO Maps) is a desktop and web mapping service application and technology provided by Chinese company Tencent, offering satellite imagery, street maps, street view (coverage) and historical view perspectives.",,,free,,maps
137,Yandex Maps,http://yandex.com/maps,0.5,"Yandex's mapping service offering satellite imagery, street maps, and streetview (“Panorama”). It also crowdsources a lot of 'streetview' imagery through the ""mirror"" function, from both vehicles and pedestrians.",,,free,,maps
138,GovMap,"https://www.govmap.gov.il/?c=227012.95,707790.18&z=8&b=1",0.5,Very high res imagery for Israel/Palestine,,,free,,maps
139,Copernicus Open Access Hub,http://scihub.copernicus.eu/,0.5,The site for the European Space Agency and for images from Copernicus’ six Sentinel satellites. Better resolution than Landsat. See explanation from the website GISGeography on how to download free images.,,,free,https://gisgeography.com/how-to-download-sentinel-satellite-data/,maps
140,EOSDIS Worldview,https://worldview.earthdata.nasa.gov/,0.5,"Visually explore the past and the present of this dynamic planet from a satellite's perspective. Select from an array of stories below to learn more about Worldview, the satellite imagery we provide and events occurring around the world. ",,,free,,maps
141,ESA Earth Online,http://earth.esa.int/web/guest/eoli,0.5,"Consolidates European Space Agency’s earth observation data on topics such as temperature, agriculture, and ice sheets.",,,free,,maps
142,ESA SNAP,http://step.esa.int/main/toolboxes/snap,0.5,A remote sensing program created by the European Space Agency which lets you perform various enhancements and manipulations to remotely sensed data.,,,free,,maps
143,Google Earth Engine,https://developers.google.com/earth-engine/datasets/catalog,0.5,"Open-access satellite imagery and analytical framework. Virtually any satellite imagery collected from NASA, NOAA, USGS, etc. is available. Moderate and coarse resolution imagery rather than high-resolution commercial imagery. There's a learning curve with Javascript.",,,free,,maps
144,GeoVisual Search,http://search.descarteslabs.com/?layer=naip_v2_rgb_2014-2015#lat=39.2322531&lng=-100.8544921&skipTut=true&zoom=5,0.5,"Search engine that lets users visually query images for similar geographic features. The platform from Descartes Labs is built on satellite imagery from Landsat, the National Agriculture Imagery Program (NAIP), and PlanetScope.",,,free,https://medium.com/descarteslabs-team/searching-the-world-wide-world-357828cf479a,maps
145,HERE WeGo,http://wego.here.com/,0.5,More recent satellite imagery from places like Afghanistan and Iran than Google has.,,,free,,maps
146,Kakao Map,https://map.kakao.com/,0.5,Mapping service for South Korea,,,free,,maps
147,Mapa.sk,http://mapa.sk/,0.5,Mapping service for Slovakia ,,,free,,maps
148,Mappy ,http://en.mappy.com/,0.5,Mapping service (and streetview in a couple of French cities [double check this!]),,,free,,maps
149,Pulse GHGsat,https://pulse.ghgsat.com/,0.5,Global Methane Concentration per week,,,free,,maps
150,satellites.pro,https://satellites.pro/,0.5,"Combines different satellite services Includes web based Apple Maps satellite view (which has better imagery from e.g. Afghanistan than Google has, for example).",,,free,,maps
151,5Ghz Interference locator,https://orbtwz.users.earthengine.app/view/radarinterferencetracker,0.5,Tool that can help indicate military radar activity close to 5Ghz frequency,,,free,https://medium.com/@HarelDan/x-marks-the-spot-579cdb1f534b,maps
152,Carte.ma,http://carte.ma/,0.5,Mapping/streetview service for Morocco ,,,free,,maps
153,Deckhair TV,https://tv.deckchair.com/,0.5,Open webcams from hotels (??); some of them are strategically located,location,video,free,,maps
154,Geograph,http://geograph.org/,0.5,Georeferenced images.,location,image,free,,maps
155,Mapillary,http://mapillary.com/,0.5,"Crowdsourced street-level photos. A useful addition to Google StreetView. Little to no coverage in countries like Syria, Iraq, etc.",,,free,,maps
156,KartaView (Previously Openstreetcam),http://kartaview/,0.5,OpenStreetCam (now KartaView) is a project to collect crowdsourced street-level photographs for improving OpenStreetMap. Collected imagery is published under a CC-BY-SA license and most of the project's code is open source.,,,free,,maps
157,Photo-Map.RU,http://photo-map.ru/,0.5,Geotagged VK posts.,vk-account location,image,free,,maps
158,YouTube location-based search,http://youtube.github.io/geo-search-tool/search.html,0.5,"Location-based search on YouTube, but it's unclear whether it shows where it was uploaded, from which server, or only filters on keywords (e.g. “Paris” in title shows up in Paris).",location,youtube-video,free,,maps
159,(Canada) Open Database of Buildings,https://www.statcan.gc.ca/eng/lode/databases,0.5,Database of ~4.4. million buildings in Canada (comes in GIS format) from Statistics Canada.,,,free,,maps
160,converting coordinates,http://synnatschke.de/geo-tools/coordinate-converter.php,0.5,Convert geographic coordinates between different notation styles.,,,free,,maps
161,F4Map,https://demo.f4map.com/#lat=52.5208538&lon=13.4061429&zoom=17&camera.theta=80&camera.phi=-60.734,0.5,"Global map of 3D buildings and the shadows they cast at morning, noon, evening.",image,location,free,,maps
162,ShadowMap,https://app.shadowmap.org/,0.5,Global map of 3D buildlings and the shadows they cast at a specific time a day,image,location,free,,maps
163,find2places,http://github.com/musafir-py/find2places,0.5,"Allows querying Google Maps API for two specific places in precise distance from each other within given radius. Useful for geolocating photos and videos. It’s a script, no user-friendly interface.",,,free,,maps
164,Gaode Maps,https://gaode.com/,0.5,"Popular mapping service in mainland China. When it comes to navigation for drivers and individuals using public transportation, Gaode Maps seems to be a better job than Baidu Maps.",,,free,,maps
165,GeoNames,http://www.geonames.org/,0.5,"The GeoNames geographical database covers all countries and contains over eleven million place names that are available for download free of charge Extremely useful in Geo Tagging, documentation, and data collection.",image,location,free,,maps
166,Geotips,http://geotips.net/,0.5,"Service with information (i.e., road types, sign types, license plate types, etc.) for geolocations",image,location,free,,maps
167,Gjirafa,https://gjirafa.biz/,0.5,Mapping service for Albania (specially Kosovo),,,free,,maps
168,Global Forest Watch,https://www.globalforestwatch.org/topics/fires/,0.5,"Helps detect changes in forest cover (i.e., to track deforestation). Also includes Global Fire Watch (VIRSS data)",,,free,,maps
169,IndustryAbout,http://industryabout.com/country-territories-3,0.5,"Maps per country showing industrial plants, e.g. power, hydroelectric, nuclear, coal, oil refineries, etc.",,,free,,maps
170,MapChecking,https://www.mapchecking.com/,0.5,This tool helps you estimate and fact-check the maximum number of people standing in a given area.,,,free,,maps
171,mapy.cz,http://mapy.cz,0.5,Mapping service for Czechia,,,free,,maps
172,OGF Multimap Extension,https://wiki.opengeofiction.net/index.php/Help:Using_the_MultiMaps_extension,0.5,Highlights locations from a given Wikipedia article on the OGF map,,,free,,maps
173,OpenInfraMap,https://openinframap.org/#2/26/12,0.5,"Power lines, telecoms, solar, oil, gas & water infrastructure mapped globally. ",image,location,free,,maps
174,OpenStreetMap,http://openstreetmap.org/,0.5,OpenStreetMap is a collaborative project to create a free editable map of the world.,,,free,https://www.bellingcat.com/news/africa/2021/07/16/how-schoolchildren-became-pawns-in-cameroons-anglophone-crisis/,maps
175,OpenSeaMap,https://map.openseamap.org/,0.5,"Sea map of borders, special zones, shipping lanes, with overlays of MarineTraffic and other sources",,,free,,maps
176,overpass-turbo,https://overpass-turbo.eu/,0.5,A web based data mining tool for OpenStreetMap.,,,free,,maps
177,QGIS,http://www.qgis.org/,0.5,"Open source GIS programme. Has many user add-ons, including creating 3D landscapes using LiDAR data. Steep learning curve.",,,free,https://www.qgis.org/en/site/forusers/trainingmaterial/index.html,maps
178,Resource Watch,https://resourcewatch.org/data/explore,0.5,"
A nonprofit platform, still in beta, that provides hundreds of data sets on the state of the planet’s resources and citizens. It is sponsored by the World Resources Institute and other organizations.
",,,free,,maps
179,Topotijdreis.nl,http://Topotijdreis.nl,0.5,Over 200 years of maps and topography from the Netherlands.,,,free,,maps
180,UTM grid zones,http://dmap.co.uk/utmworld.htm,0.5,,,,free,,maps
181,what3words,http://map.what3words.com/,0.5,"Entire world divided into 3m by 3m squares, and each square is given a 3 word address. For example, the what3words address for Nelson's column in trafalgar square is: cube.soccer.these. This website is especially useful when referring to remote locations and when you are unable to write down a lengthy sentence of exact coordinates.",,,free,,maps
182,Maritime Awareness Project (NBR),https://map.nbr.org/interactivemap/,0.5,"South China Sea maps with oil and gas fields, fishing areas, air defense zones and administrative, claimed, disputed zones, submarine data cables.",,,free,,maps
183,Radiant Earth,http://radiant.earth/,0.4,"A non-profit group that helps the global development community discover, explore and analyze satellite, drone and aerial imagery archives. Radiant Earth is working with Code of Africa, among others. Apply to gain assistance via their website. Or contact Radiant Earth.",,,partially_free,,maps
184,EOS Landviewer,http://eos.com/landviewer,0.4,EOS Landviewer provides free services for up to 10 images. More images and analysis are available to journalists at a discount. Contact: Artem Seredyuk artem.seredyuk@eosda.com. EOS is in the process of developing a service provisionally called EOS Media that will be providing free images and analysis of major natural disasters.,,,partially_free,,maps
185,Soar.earth,https://soar.earth/?pos=-24.806025673047216%2C112.37019712776902%2C7,0.4,"Aerial, satellite and drone imagery on a global map. ",,,partially_free,,maps
186,Airbus Geostore,http://intelligence-airbusds.com/geostore,0.2,Platform to get a preview of their imagery and order images.,,,paid,,maps
187,Descartes Labs,http://descarteslabs.com/,0.2,"A commercial service that collects data daily from public and commercial imagery providers. Will help journalists. “We do not charge for these requests, only ask that they are credited,” as mentioned on GIJN.",,,paid,,maps
188,DigitalGlobe,http://discover.digitalglobe.com/,0.2,"Satellite imagery vendor. Preview available via the catalogue, search tool very easy to use.",,,paid,,maps
189,Planet Labs,https://www.planet.com/,0.2,Commercially available taskling of high resolution imagery,,,paid,,maps
190,DualMaps,http://data.mashedworld.com/dualmaps/map.htm,0.2,"Combines Google’s road maps, aerial view, and street view in one embeddable tool.",,,paid,,maps
191,WarWire,http://warwire.net/,0.2,"Location-based searches on Twitter, VK, and Instagram.",,,paid,,maps
192,Echosec,https://www.echosec.net/,0.2,"Aggregated location-based searches on Twitter, VK, Foursquare.",,,paid,,maps
193,Image Hunter (Apollo Mapping),https://imagehunter.apollomapping.com/,0.2,Find available high-res images per location,location,image,paid,,maps
194,Geolocation Estimaton,https://labs.tib.eu/geoestimation/,0.5,Platform that estimates image location using deep learning/AI. ,image,location,free,,maps
195,GPSJam,https://gpsjam.org/,0.5,Daily maps of GPS interference,,,free,,maps
196,GeoHints,https://geohints.com/,0.5,"Overview of different traffic lights, utility poles, bollards etc on Google Streetview",image,location,free,,maps
197,MarineTraffic,http://marinetraffic.com/,1,"An open, community-based project, providing (near) real-time information on the movements of ships and their locations in harbours and ports. ",ship,location,free,https://www.bellingcat.com/resources/2021/03/26/suez-canal-satellite-clues-on-a-stricken-cargo-ship/,transports
198,Bosphorus Observer,https://bosphorusobserver.com/,0.5,Ship spotting resource for vessels traversing the Bosphorus Strait. ,,,free,,transports
199,Global Fishing Watch,http://globalfishingwatch.org/map,0.5,"No account needed. Identification of “dark vessels”, and includes Indonesian VMS layer.",,,free,,transports
200,"Illegal, unreported, unregular fishing Vessels List",https://iuu-vessels.org/Home/Search,0.5,"A combined list of known illegal, unreported, unregular fishing vessels",ship,statistics,free,,transports
201,IMO Registry ,http://webaccounts.imo.org/,0.5,Ship/shipping-related information from the IMO,ship,statistics,free,,transports
202,ShipSpotting.com,http://shipspotting.com/,0.5,Community website for uploading pictures & details of vessels spotted around the world.,ship,image statistics,free,,transports
203,VesselFinder,http://vesselfinder.com/,0.5,Live marine vessel tracker.,ship,location,free,,transports
204,Tokyo MOU,http://www.tokyo-mou.org/,0.5,Ship inspection/history database (PSC Database),ship,location,free,,transports
205,SARfish,https://github.com/MJCruickshank/SARfish,0.5,"Github - SAR ship detection, by @MJ_Cruickshank",,,free,,transports
206,ADS-B Exchange Radar View,https://globe.adsbexchange.com/,1,Live flight tracker (including many miltiary aircraft),aircraft flight,location,free,https://www.bellingcat.com/resources/how-tos/2019/10/15/a-beginners-guide-to-flight-tracking/,transports
207,Flightradar24,http://flightradar24.com/,1,Tracking (civilian) flights. $ to go back in 12-month archive.,aircraft flight,location,free,,transports
208,ADS-B Historical Flight Viewer,http://flight-data.adsbexchange.com/,0.5,Look up flight history of a specific aircraft as far back as two years. Search by ICAO number.,aircraft,location,free,,transports
209,Airfleets,http://airfleets.net/home,0.5,Database for aircraft details. ,aircraft,statistics,free,,transports
210,AirNav RadarBox,http://radarbox24.com/,0.5,Live flight tracker.,aircraft flight,location,free,,transports
211,FlightAware,http://flightaware.com/,0.5,Live flight tracker.,aircraft flight,location,free,https://www.bellingcat.com/uncategorized/2021/03/11/flying-high-the-us-connection-to-venezuelas-narco-planes/,transports
212,PlaneFinder,http://planefinder.net/,0.5,Live flight tracker.,aircraft flight,location,free,,transports
213,Live ATC,http://liveatc.net/,0.5,"Audio from air traffic control towers in the United States. Aircraft have to identify themselves to ATC towers, so in cases where aircraft are trying to obscure their information from other sites, it might be another way to grab tail numbers or just generally track flights. More complicated to use than e.g. Flightradar24.",location,aircraft,free,,transports
214,OpenSky-Network,http://opensky-network.org/,0.5,"Community, open source flight tracking network.",aircraft flight,location,free,,transports
215,Federal Aviation Administration,http://registry.faa.gov/aircraftinquiry/NNum_inquiry.aspx,0.5,Nationwide Plane Registry. Search by N-Number (a.k.a. callsign). Comprehensive list of privately owned planes in the US.,aircraft,statistics,free,,transports
216,Aviation Safety Network,https://aviation-safety.net/,0.5,"Aircraft incident database; can be searched by country, registration, year, etc. ",location,aircraft-incident,free,,transports
217,http://www.airframes.org/,http://www.airframes.org/,0.5,A database of aircraft details,aircraft,statistics,free,,transports
218,https://app.icarus.flights/,https://app.icarus.flights/,0.5,Flight tracking platform with 2 years free historical data; highly customizable search parameters,flight,location,free,,transports
219,Trains,https://www.eurail.com/en/plan-your-trip/railway-map,0.5,Full interactive maps of various railway networks in European countries.,,,free,,transports
220,OpenRailwayMap,https://wiki.openstreetmap.org/wiki/OpenRailwayMap,0.5, a detailed online map of the world's railway infrastructure,location,railway,free,,transports
221,Transit Visualisation,"https://mobility.portal.geops.io/?baselayers=geops.travic,ch.sbb.netzkarte,ch.sbb.netzkarte.dark&lang=en&layers=strassennamen,haltekanten,haltestellen,pois,p%C3%A4rke,geops.travic.live&x=810000&y=5900000&z=5.5",0.5,(public) transit routes visualized - near global,,,free,,transports
222,WikiRoutes,http://wikiroutes.info/,0.5,Public transport database.,location,route,free,,transports
223,Carnet.AI,http://carnet.ai/,0.5,"""API which is capable of recognizing the Make, Model and Generation of most cars built since 1995, with 97+% accuracy.""",image,car,free,,transports
224,License Plate Mania,http://licenseplatemania.com/,0.5,collection of license plate pictures across the world.,image,location,free,,transports
225,License Plate Map (Europe),https://archive.is/QZD7A,0.5,Map of Europe with pictures of license plates,image,location,free,,transports
226,License Plate Map (Americas),https://archive.is/07xaa,0.5,Map of North & South America with pictures of license plates,image,location,free,,transports
227,License Plate Map (Asia & Middle East),https://archive.is/pQGms,0.5,Map of Asia & Middle East with pictures of license plates,image,location,free,,transports
228,Equasis,http://equasis.org/,0.2,Vessel ownership and identification records. Lists historical information. You’ll need an account to access information.,ship,name,paid,,transports
229,FleetMon,http://fleetmon.com/,0.2,"Vessel position tracking, including a global vessel and port database. Tools for the shipping industry, Maritime News and a lively community of shipspotters. You’ll need an account to access information.",ship,location,paid,,transports
230,Winward,https://www.wnwd.com/,0.2,Platform which combines maritime-related data.,,,paid,,transports
231,Carbon Dating The Web,https://carbondate.cs.odu.edu/,0.5,"This is a simple application that estimates when a webpage was created. Unfortunately, Carbon Dating won’t show when a page was updated, only created.",webpage,date,free,,websites
232,DNS Cyrillic Check,https://holdintegrity.com/checker,0.5,Check if malicious or Cyrillic domains are registered,webpage,statistics,free,,websites
233,DNS History,http://completedns.com/,0.5,Collection of historical DNS information.,webpage,statistics,free,,websites
234,DNS Trails,http://dnstrails.com/,0.5,The World's Largest Repository of historical DNS data,webpage,statistics,free,,websites
235,Geo IP Tools,http://geoiptool.com/,0.5,"Check your own IP, handy to check if your VPN is working.",ip,statistics,free,,websites
236,Finitimus,http://www.finitimus.com/,0.5,"Finitimus allows users to find the publish date for articles and other Internet content, with a click of a button.",webpage,date,free,,websites
237,Moz Link Explorer,http://moz.com/link-explorer,0.5,Analyse the links of any website.,webpage,statistics,free,,websites
238,Passive DNS,https://community.riskiq.com/,0.4,"Collects, stores and analyses data from thousands of passive DNS collection sensors.",webpage ip,statistics,partially_free,,websites
239,Shodan,http://shodan.io/,0.4,Internet of things search engine.,ip,statistics,partially_free,,websites
240,SpyOnWeb,http://spyonweb.com/,0.5,Find out related websites via their tracking code.,webpage ip,statistics,free,,websites
241,WebCookies.org,http://webcookies.org/,0.5,"A website security and privacy scanner that, among many other features (mostly focused on GDPR compliance) aggregates large amount of information about advertiser and analytics identifiers of scanned websites, as well as the /ads.txt files.",,,free,,websites
242,Whatcms.org,http://whatcms.org/,0.5,What content-management system is this website using?,webpage,statistics,free,,websites
243,WhoIs,http://whois.net/,0.6,For domain name search and information. Try either whois.net or whois.icann.org,ip webpage,statistics,free,,websites
244,Etherscan,http://etherscan.io/,0.5,Tracking transactions & finding a cryptowallet each based on the ETH blockchain.,eth,statistics,free,,companies-finance
245,BlockExplorer,https://blockexplorer.com/,0.5,Following a bitcoin trail or following a bitcoin account?,btc,statistics,free,,companies-finance
246,ICIJ Offshore Leaks Database,http://offshoreleaks.icij.org/,0.5,"Find out who’s behind more than 785,000 offshore companies, foundations and trusts from the Panama Papers, the Offshore Leaks, the Bahamas Leaks and the Paradise Papers investigations.",name company,name company,free,,companies-finance
247,OCCRP Investigative Dashboard,http://data.occrp.org/,0.5,Search 178 million public records and leaks from 236 sources on company and individual names.,name company,name company,free,,companies-finance
248,Osint Tools Map,https://cipher387.github.io/osintmap/,0.5,"Worldwide map of business registries, court records and other info, by @cyb_detective",name company,name company,free,,companies-finance
249,fGov.be,https://economie.fgov.be/en/themes/enterprises/crossroads-bank-enterprises/services-everyone/cbe-public-search,0.5,Belgian companies registry. ,company,statistics,free,,companies-finance
250,National Enterprise Credit Information Publicity System,http://www.gsxt.gov.cn/index.html,0.5,"Companies registered in China, including registered capital, legal representative, incorporation date, penalty history and business irregularity records.",company,statistics,free,,companies-finance
251,Court Enforcement Information Publicity,http://zxgk.court.gov.cn/,0.5,Chinese individuals and companies listed by the court as involved in dishonest practices.,company,statistics,free,,companies-finance
252,China Judgements Online,https://wenshu.court.gov.cn/,0.5,Judgements given out by Chinese regional courts,court,statistics,free,,companies-finance
253,Cninfo,http://www.cninfo.com.cn/new/index,0.5,Chinese public companies financial reports and regular announcements. ,company,statistics,free,,companies-finance
254,QCC,https://www.qcc.com/,0.5,"Private website, one of the biggest information providers, with basic registration information, shareholder structure, beneficial owners, business authorization certificates, patent information, etc.",company,statistics,free,,companies-finance
255,Qixin,https://www.qixin.com,0.5,Similar to QCC,company,statistics,free,,companies-finance
256,cadastral map,http://eservices.dls.moi.gov.cy/#/national/geoportalmapviewer,0.5,Cadastral map of Cyprus.,location,real-estate,free,,companies-finance
257,offshore companies,http://efiling.drcor.mcit.gov.cy/DrcorPublic/SearchForm.aspx?sc=0&lang=EN,0.5,,,,free,,companies-finance
258,teatmik,http://teatmik.ee/en/personlegal/14144085-Asicvault-O%C3%9C,0.5,Search companies and individuals in Estonia.,name company,name company,free,,companies-finance
259,European e-Justice portal,https://e-justice.europa.eu/home.do?action=home,0.5,"In Europe, business registers offer a range of services, which vary from on Member State to another. This is a curated list per country.",court name company,court name company,free,,companies-finance
260,Societe,http://societe.com/,0.5,Search companies and individuals in France.,name company,name company,free,,companies-finance
261,NorthData,https://www.northdata.de/,0.5,German company registry,company,statistics,free,,companies-finance
262,OpenCorporates,http://opencorporates.com/,0.5,Database of companies in the world.,company,statistics,free,,companies-finance
263,Registro Imprese,http://www.registroimprese.it/,0.5,"The official Italian companies registry and offers a wide array of basic information and data: company’s purpose, legal email address, locations (legal HQ and operative offices or warehouses, etc). A few times it reports the date of establishment or when a company started providing a specific service/activity. It is only in Italian but has a very easy interface. The basic searching service is free, but it is possible to buy reports and specific information about a company. Same old story as for any other national registry.",company,name email phone location,free,,companies-finance
264,Info Imprese,http://infoimprese.it/,0.5,"A second database of Italian companies that basically reflects registroimprese.it. Offers the same service of registroimprese.it, but it often reports more details about a company’s activity and purpose, which can help a lot in the investigation. It is perfect to validate the results you may have previously found on registroimprese.it.",company,name email phone location,free,,companies-finance
265,Icribis.com,http://icribis.com/,0.5,"Great portal. Offers further information such as VAT n., Chamber of Commerce registration number, revenue range, estimate of personnel employed. Usually well kept and updated. Only “obstacle” (LOL): you have to create a socket puppet with a social security number. There are easy ways to circumvent this, an OSINT analyst, or just a curious person will find a way. The basic searching service is free, but it is possible to buy reports and specific information about a company.",company,statistics,free,,companies-finance
266,Guidamonaci.it,http://guidamonaci.it/,0.5,"As much an ace of spades as a potential flop. One out of three it presents a detailed overview of a company (VAT n., Revenue, Employees, Offices, Activity, mail). Two out of three it offers some basic information and it may be able to add in some more details. Requires registration with a socket puppet. Sometimes its data and information are not up to date.",company,statistics,free,,companies-finance
267,Reportaziende.it,http://reportaziende.it/,0.5,"Offers detailed information about Italian companies with revenues over 5 million euro. It details revenue, net income or liabilities. The basic searching service is free, but it is possible to buy reports and specific information about a company.",company,statistics,free,,companies-finance
268,aziende.it,http://aziende.it/,0.5,Offers pretty much the same service reportaziende.it does. Once again valid way to validate data and information gathered.,company,statistics,free,,companies-finance
269,http://www.obfc.org.ls/registry/,http://www.obfc.org.ls/registry/,0.5,"Search for companies, directors and shareholders in Lesotho. Information is comprehensive and up-to-date.",company,statistics,free,,companies-finance
270,https://portalmns.mu/,https://portalmns.mu/,0.5,Search for companies in Mauritius. Availability of information varies.,company,statistics,free,,companies-finance
271,http://www.bipa.na/search/,http://www.bipa.na/search/,0.5,Search if a company is registered in Namibia,company,statistics,free,,companies-finance
272,https://publicsearch.cac.gov.ng/ComSearch/,https://publicsearch.cac.gov.ng/ComSearch/,0.5,Check if a company is registered in Nigeria. Limited information available.,company,statistics,free,,companies-finance
273,https://sanctionsexplorer.org/,https://sanctionsexplorer.org/,0.5,Database of OFAC/UN/EU sanctions,,,free,,companies-finance
274,Portal da Justiça,http://publicacoes.mj.pt/DetalhePublicacao.aspx,0.5,Search companies and individuals in Portugal.,company name,company name,free,,companies-finance
275,http://www.registry.gov.sc/BizRegistration/WebSearchBusiness.aspx,http://www.registry.gov.sc/BizRegistration/WebSearchBusiness.aspx,0.5,Check if a company is registered in the Seychelles. Limited information available.,company name,statistics,free,,companies-finance
276,http://www.cipc.co.za/za/,http://www.cipc.co.za/za/,0.5,"Search for companies in South Africa. Database is searchable by company name and company registration number. One can also search by individual director, but director searches require an individual's ID number.",company name,statistics,free,,companies-finance
277,Zefix,http://zefix.ch/en/search/entity/welcome,0.5,Search companies and individuals in Switzerland.,company name,statistics,free,,companies-finance
278,offshore companies,http://ti.chregister.ch/cr-portal/suche/suche.xhtml,0.5,,,,free,,companies-finance
279,Companies House,http://beta.companieshouse.gov.uk/,0.5,Search companies and individuals in the United Kingdom and Gibraltar.,company name,statistics,free,,companies-finance
280,https://zimeservices.pfms.gov.zw/irj/portal/anonymous,https://zimeservices.pfms.gov.zw/irj/portal/anonymous,0.5,Search for companies in Zimbabwe. Database requires you to register with a foreign passport number. Information is not necessarily up-to-date as records are still being digitised.,company,statistics,free,,companies-finance
281,ImportYeti,https://www.importyeti.com/,0.5,"Search 60 million US customs sea shipment records, find company suppliers. ",company,statistics,free,,companies-finance
282,LittleSis,https://littlesis.org/,0.5,Connects dots between influential / wealthy individuals in (mostly US) politics and business.,name,statistics,free,,companies-finance
283,Copernicus Atmospheric Monitoring,https://atmosphere.copernicus.eu/charts/cams/,0.5,"Global forecasts of aerosols, c02, methane, nitrogen dioxide, and others.",,,free,https://www.bellingcat.com/resources/2021/04/15/what-oil-satellite-technology-and-iraq-can-tell-us-about-pollution/,environment-wildlife
284,Environmental Justice Atlas,https://ejatlas.org/,0.5,Map of environmental-related conflict globally,,,free,,environment-wildlife
285,World Database Protected Areas,https://www.protectedplanet.net/en/thematic-areas/wdpa?tab=WDPA,0.5,The most comprehensive global database on terrestrial and marine protected areas. ,location,statistics,free,,environment-wildlife
286,FLASH Environment Assessment Tool (UNOCHA),https://www.eecentre.org/resources/feat/,0.5,For identifying harmful substances and their effect on the environment after industry has been destroyed.,,,free,,environment-wildlife
287,WildMe & WildBook,https://wildme.org/#/platforms/bass,0.5,"Open source pattern recognition software to identify unique whales, sharks, zebras, jaguars, skunks, fish and much more. ",image,species,free,,environment-wildlife
288,Global Forest Watch,https://www.globalforestwatch.org/topics/fires/,0.5,"Helps detect changes in forest cover (i.e., to track deforestation). Also includes Global Fire Watch (VIRSS data)",location,statistics,free,,environment-wildlife
289,Global Palm Oil Map,https://developers.google.com/earth-engine/datasets/catalog/BIOPAMA_GlobalOilPalm_v1,0.5,"Global map of Palm Oil plantations, 2019 (small holders & industrial)",,,free,,environment-wildlife
290,Amazonia Socio Ambiental,https://www.amazoniasocioambiental.org/en/,0.5,"Amazon rainforest: maps and shapefiles of natural protected areas, concessions, indigenous territories, oil, mining, roads, fires, deforestation in bolivia, brazil, colombia, ecuador, guyanas and suriname, peru, venezuela",location,image,free,,environment-wildlife
291,Brazil CAR - Cadastro Ambiental Rural,https://www.car.gov.br/#/,0.5,"CAR is an electronic public register of scope national, mandatory for all rural properties. Cadaster of rural properties that can be explored through their owners.",,,free,,environment-wildlife
292,CryO Tools,,0.5,Scientific tools for investigating the cryosphere (areas with snow & ice),,,free,,environment-wildlife
293,Open Water Oil Spill Identification,https://response.restoration.noaa.gov/sites/default/files/OWJA_2016.pdf,0.5,PDF of US dep of Commerce to assess color/appearance and structure/distribution of oil spilled on the water. ,,,free,,environment-wildlife
294,Amazon Dashboard,https://globalfiredata.org/pages/amazon-dashboard/,0.5,"Tracks individual fires, and categorizes them (Savanna - small clear & agriculture - understory - deforestation)",,,free,,environment-wildlife
295,Globel Forest Watch Fires,,0.5,Fires on a global map,,,free,,environment-wildlife
296,Satellite Detected Gas Flaring,https://viirs.skytruth.org/apps/heatmap/flaringmap.html#lat=52.33314&lon=6.46027&zoom=7&offset=27,0.5,,,,free,,environment-wildlife
297,Unitar Disaster & Damage Assessment,,0.5,"Unitar satellite imagery & maps of floodings, fires, conflict & internally displaced persons",,,free,,environment-wildlife
298,Explosive Detonation Velocities,,0.5,A wikipedia list of detonation velocities of various materials. ,,,free,https://twitter.com/quantian1/status/1290695231910875136,environment-wildlife
299,MineAlert (Oxpeckers),https://mine-alert.oxpeckers.org/#/map,0.5,"Mining licenses in South Africa alongside water licenses and the threats to groundwater, mapped",,,free,,environment-wildlife
300,WildEye Asia (Oxpeckers),,0.5,"Seizures, arrests, court cases and convinctions related to illegal wildlife trade, in Africa and Asia Pacific, mapped",court,location,free,,environment-wildlife
301,WildEye Europe (Oxpeckers),,0.5,"Seizures, arrests, court cases and convinctions related to illegal wildlife trade, in Europe, mapped",court,location,free,,environment-wildlife
302,Digital Dangers Map (Oxpeckers),,0.5,"Online environmental crime stories, mapped.",court,location,free,,environment-wildlife
303,Rhino Courtcases (Oxpeckers),https://oxpeckers.org/rhinocourtcasesmap/,0.5,"Courtcases in Southern Africa related to Rhino poaching, mapped",court,location,free,,environment-wildlife
304,Rhino seizures (EIA),https://eia-international.org/wildlife/wildlife-trade-maps/rhino-horn-illegal-trade-seizures/,0.5,"Rhino incidents and traded horn, mapped globally",court,location,free,,environment-wildlife
305,Poach Tracker (Oxpeckers),https://oxpeckers.org/poach-tracker-map/,0.5,"Rhino death's across Southern Africa, mapped.",court,location,free,,environment-wildlife
306,Merlin,https://merlin.allaboutbirds.org/,0.5,"Identify birds (visually), through an app.",image,species,free,,environment-wildlife
307,BirdNet,https://birdnet.cornell.edu/map,0.5,Identify bird sounds - find bird sounds on a global map.,audio,species,free,,environment-wildlife
308,Hornbill trade (EIA),,0.5,"Trafficked and seized Hornbill parts in Asia & US, mapped",poaching,location,free,,environment-wildlife
309,Global Forest Watch (Biodiversity),https://www.globalforestwatch.org/map/?mainMap=eyJzaG93QW5hbHlzaXMiOnRydWV9&map=eyJjZW50ZXIiOnsibGF0IjoyMy4xNDQxMDM3NTUzMzc0MSwibG5nIjozNC4yOTg0NTEzNDg5NDIyNX0sInpvb20iOjIuNjkzMjM4NzU2MTQwNDI5NCwiZGF0YXNldHMiOlt7ImRhdGFzZXQiOiJlbmRlbWljLWJpcmQtYXJlYXMiLCJvcGFjaXR5IjoxLCJ2aXNpYmlsaXR5Ijp0cnVlLCJsYXllcnMiOlsiYmlyZGxpZmUtZW5kZW1pYy1iaXJkLWFyZWFzLTIwMTQiXSwiaXNvIjoiIn0seyJkYXRhc2V0IjoidGlnZXItY29uc2VydmF0aW9uLWxhbmRzY2FwZXMiLCJvcGFjaXR5IjoxLCJ2aXNpYmlsaXR5Ijp0cnVlLCJsYXllcnMiOlsidGlnZXItY29uc2VydmF0aW9uLWxhbmRzY2FwZXMiXSwiaXNvIjoiIn1dfQ%3D%3D&mapMenu=eyJtZW51U2VjdGlvbiI6ImRhdGFzZXRzIiwiZGF0YXNldENhdGVnb3J5IjoiYmlvZGl2ZXJzaXR5In0%3D&mapPrompts=eyJvcGVuIjp0cnVlLCJzdGVwc0tleSI6InN1YnNjcmliZVRvQXJlYSIsInN0ZXBzSW5kZXgiOjAsImZvcmNlIjp0cnVlfQ%3D%3D,0.5,"Global Forest Watch also includes maps with biodiversity hotspots, including birds and tigers",species,location,free,,environment-wildlife
310,Global Fisihing Watch,https://globalfishingwatch.org/map/,0.5,Tracks fishing fleets,ship,location,free,,environment-wildlife
311,Totoaba seizures (EIA),,0.5,"Map of totoaba seizures in Asia and the US, mapped",poaching,location,free,,environment-wildlife
312,Tiger Trade (EIA),https://tomaszjohnson.carto.com/builder/72829b4c-b009-4e4a-8001-148ca848dcd7/embed?state=%7B%22map%22%3A%7B%22ne%22%3A%5B0.9667509997666425%2C2.3730468750000004%5D%2C%22sw%22%3A%5B64.20637724320852%2C164.79492187500003%5D%2C%22center%22%3A%5B39.232253141714914%2C83.58398437500001%5D%2C%22zoom%22%3A4%7D%7D,0.5,Trade in tiger (parts) mapped,poaching,location,free,,environment-wildlife
313,Leopard Trade (EIA),https://eia-international.org/wildlife/wildlife-trade-maps/illegal-trade-seizures-asian-big-cats/,0.5,(Snow / Clouded) Leopard trade mapped,poaching,location,free,,environment-wildlife
314,Captive Tiger Facilities (EIA),https://eia-international.org/wildlife/wildlife-trade-maps/illegal-trade-seizures-captive-tiger-trade/,0.5,"Captive tiger facilities implicated in trade, mapped.",poaching,location,free,,environment-wildlife
315,Ivory trade (EIA),https://eia-international.org/wildlife/wildlife-trade-maps/illegal-trade-seizures-elephant-ivory-in-europe/,0.5,"Ivory trade in Asia & Europe, mapped",poaching,location,free,,environment-wildlife
316,Ivory seizures (EIA),https://eia-international.org/wildlife/wildlife-trade-maps/large-scale-elephant-ivory-seizures/,0.5,"Large scale ivory seizuers globally, mapped",poaching,location,free,,environment-wildlife
317,Pangolin trade (EIA),https://eia-international.org/wildlife/wildlife-trade-maps/illegal-trade-seizures-pangolins/,0.5,"Pangolin seizures globally, mapped.",poaching,location,free,,environment-wildlife
318,Pulse GHGsat,https://pulse.ghgsat.com/,0.5,Global Methane Concentration per week,,,free,,environment-wildlife
319,Locust Hub (FAO),https://locust-hub-hqfao.hub.arcgis.com/,0.5,A map visualizing locust movements globally,,,free,https://www.bellingcat.com/resources/how-tos/2020/06/23/how-to-track-desert-locust-swarms/,environment-wildlife
320,Wind/Particulate Map,"https://earth.nullschool.net/#current/particulates/surface/level/overlay=pm2.5/orthographic=-28.21,30.66,553",0.5,"Map that visualizes wind, particulaes, and other data",,,free,,environment-wildlife
321,Aquaduct (Water Risks),https://wri.org/applications/aqueduct/water-risk-atlas/#/?advanced=false&basemap=hydro&indicator=bwd_cat&lat=40.979898069620155&lng=13.293457031250002&mapMode=view&month=1&opacity=0.5&ponderation=DEF&predefined=false&projection=absolute&scenario=optimistic&scope=baseline&timeScale=annual&year=baseline&zoom=5,0.5,"Water and drought risks mapped, globally.",,,free,,environment-wildlife
322,River Runner Global,https://river-runner-global.samlearner.com/,0.5,Calculate which water stream a drop of rain will follow,,,free,,environment-wildlife